{
    "1":{
        "className":"",
        "folder":"epay",
        "params":"",
        "name":"epay",
        "type":"kit",
        "game_name":"zhajinhua"
    },
   "2":{
        "className":"com.gamefun.client.payment.leshi.provider.LeshiWrapper",
        "folder":"leshipay",
        "params":"",
        "name":"leshi",
        "type":"pay",
        "game_name":"zhajinhua"
    }, 
    "6":{
        "name":"MMBilling",
        "className":"com.gamefun.client.payment.mm.provider.MMBillingWrapper",
        "requestCode":"",
        "params":"",
        "game_name":"zhajinhua",
        "type":"pay",
        "folder":"mmbilling"
    },
    "13":{
        "name":"QIHUBilling",
        "payment_notify_id":"hualeyingsanzhang",
        "className":"com.gamefun.client.payment.login.QihuWrapper",
        "requestCode":"",
        "params":"",
        "game_name":"zhajinhua",
        "type":"pay",
        "folder":"qh360"
    },
    "15":{
        "name":"LenovoStore",
        "payment_notify_id":"hualeyingsanzhang",
        "className":"com.gamefun.client.payment.aibei.provider.AiBeiWrapper",
        "params":"",
        "game_name":"zhajinhua",
        "type":"pay",
        "folder":"pay_transparent103_release"
    },
    "17":{
        "name":"BaiduStore",
        "payment_notify_id":"hualeyingsanzhang",
        "className":"com.gamefun.android.provider.BaiduDKPayWapper",
        "params":"",
        "game_name":"zhajinhua",
        "type":"pay",
        "folder":"baidupay_console"
    },
    "18":{
        "name":"XiaomiPay",
        "payment_notify_id":"hualeyingsanzhang",
        "className":"com.gamefun.client.payment.provider.XiaomiPayWrapper",
        "params":"",
        "game_name":"zhajinhua",
        "type":"pay",
        "folder":"xiaomi"
    },
    "19":{
        "className":"com.gamefun.client.payment.huawei.provider.HuaweiWrapper",
        "folder":"huaweipayNew",
        "params":"",
        "name":"HuaweiPay",
        "type":"pay",
        "game_name":"zhajinhua"
    }, 
    "24":{
        "name":"UpmpPay",
        "payment_notify_id":"hualeyingsanzhang",
        "className":"com.gamefun.client.payment.provider.UpmPaySDKWapper",
        "requestCode":"10",
        "params":"",
        "game_name":"zhajinhua",
        "type":"pay",
        "folder":"upmpay"
    },
    "28":{
        "name":"AZhiPay",
        "payment_notify_id":"hgyingsanzhang",
        "className":"com.gamefun.client.payment.anzhi.provider.AnzhiWrapper",
        "params":"",
        "game_name":"zhajinhua",
        "type":"pay",
        "folder":"anzhiPaySDK"
    },
    "35":{
        "name":"BaiduConsole",
        "payment_notify_id":"hualeyingsanzhang",
        "className":"com.gamefun.android.provider.BaiduDKPayWapper",
        "params":"",
        "game_name":"zhajinhua",
        "type":"pay",
        "folder":"baidupay_console"
    },
    "38":{
        "name":"Egame",
        "payment_notify_id":"hualeyingsanzhang",
        "className":"com.gamefun.client.payment.provider.egame.EgameWrapper",
        "params":"",
        "game_name":"zhajinhua",
        "type":"pay",
        "folder":"egame"
    },
    "100":{
        "className":"com.gamefun.client.payment.wrapper.Epay_AliPayWrapper",
        "folder":"epay",
        "params":"",
        "name":"Epay_AliPay",
        "type":"pay",
        "game_name":"zhajinhua"
    },
    "101":{
        "className":"com.gamefun.client.payment.wrapper.Epay_TenPayWrapper",
        "folder":"epay",
        "params":"",
        "name":"Epay_TenPay",
        "type":"pay",
        "game_name":"zhajinhua"
    },
    "102":{
        "className":"com.gamefun.client.payment.wrapper.Epay_PhCardWrapper",
        "folder":"epay",
        "params":"",
        "name":"Epay_PhCardPay",
        "type":"pay",
        "game_name":"zhajinhua"
    },
    "103":{
        "className":"com.gamefun.client.payment.wrapper.Epay_GCardWrapper",
        "folder":"epay",
        "params":"",
        "name":"Epay_GCardPay",
        "type":"pay",
        "game_name":"zhajinhua"
    },
    "104":{
        "className":"com.gamefun.client.payment.wrapper.Epay_CreditCardPayWrapper",
        "folder":"epay",
        "params":"",
        "name":"Epay_CreditCardPay",
        "type":"pay",
        "game_name":"zhajinhua"
    },
    "105":{
        "className":"com.gamefun.client.payment.wrapper.Epay_CashCardPayWrapper",
        "folder":"epay",
        "params":"",
        "name":"Epay_CashCardPay",
        "game_name":"zhajinhua",
        "type":"pay"
    },
    "106":{
        "className":"com.gamefun.client.payment.wrapper.Epay_DefPayWrapper",
        "folder":"epay",
        "params":"",
        "name":"Epay_DefPay",
        "game_name":"zhajinhua",
        "type":"pay"
    },
    "107":{
        "className":"com.gamefun.client.payment.wrapper.Epay_WChatWrapper",
        "folder":"epay",
        "params":"",
        "name":"Epay_WChatWrapper",
        "game_name":"zhajinhua",
        "type":"pay"
    },
    "117":{
        "name":"jshypay",
        "payment_notify_id":"hualeyingsanzhang",
        "className":"com.gamefun.client.payment.jsypay.provider.JsypayWrapper",
        "params":"",
        "game_name":"zhajinhua",
        "type":"pay",
        "folder":"jshypay"
    },
    "118":{
        "name":"tencent_YSDK",
        "payment_notify_id":"hualeyingsanzhang",
        "className":"com.gamefun.client.payment.ysdk.provider.YSDKWrapper",
        "params":"",
        "game_name":"zhajinhua",
        "type":"pay",
        "folder":"tencentYSDK"
    },
    "119":{
        "name":"uc_pay",
        "payment_notify_id":"hualeyingsanzhang",
        "className":"com.gamefun.client.payment.uc.provider.UCWrapper",
        "params":"",
        "game_name":"zhajinhua",
        "type":"pay",
        "folder":"uc_pay"
    },
    "200":{
        "name":"thirdpart_jshyPay_wx",
        "payment_notify_id":"hualeyingsanzhang",
        "className":"com.gamefun.client.payment.jsypay.weixin.JsypayWrapper",
        "params":"",
        "game_name":"zhajinhua",
        "type":"pay",
        "folder":"jshypay_wexin"
    },
    "201":{
        "name":"thirdpart_jshyPay_alipay",
        "payment_notify_id":"hualeyingsanzhang",
        "className":"com.gamefun.client.payment.jsypay.alipay.JsypayWrapper",
        "params":"",
        "game_name":"zhajinhua",
        "type":"pay",
        "folder":"jshypay_alipay"
    },
    "202":{
        "name":"thirdpart_sftPay_wx",
        "payment_notify_id":"hualeyingsanzhang",
        "className":"com.gamefun.client.payment.sftpay.weixin.SftpayWrapper",
        "params":"",
        "game_name":"zhajinhua",
        "type":"pay",
        "folder":"sftpay_wexin"
    },
    "203":{
        "name":"thirdpart_sftPay_alipay",
        "payment_notify_id":"hualeyingsanzhang",
        "className":"com.gamefun.client.payment.sftpay.alipay.SftpayWrapper",
        "params":"",
        "game_name":"zhajinhua",
        "type":"pay",
        "folder":"sftpay_alipay"
    },
    "204":{
        "name":"thirdpart_liebao_pay",
        "payment_notify_id":"hualeyingsanzhang",
        "className":"com.gamefun.client.payment.liebaopay.LiebaoPayWrapper",
        "params":"",
        "requestCode":"666",
        "game_name":"zhajinhua",
        "type":"pay",
        "folder":"leibaoPay"
    },
    "205":{
        "name":"thirdpart_aibei_pay",
        "payment_notify_id":"hualeyingsanzhang",
        "className":"com.gamefun.client.payment.aibeiypay.provider.AibeipayWrapper",
        "params":"",
        "game_name":"zhajinhua",
        "type":"pay",
        "folder":"aiBei_Pay"
    },
    "300":{
        "className":"com.gamefun.android.sharesdk.sms.SMSWrapper",
        "folder":"mobsms",
        "params":"",
        "name":"ShareSDK_SMSVerify",
        "game_name":"zhajinhua",
        "type":"kit"
    },
    "301":{
        "className":"com.gamefun.android.crashlog.bugly.BuglyWrapper",
        "folder":"bugly",
        "params":"0|true",
        "name":"Bugly",
        "game_name":"zhajinhua",
        "type":"kit"
    },
    "1001":{
        "className":"com.coolerfall.watcher.WatcherWrapper",
        "folder":"UninstallWatcher",
        "params":"0|true",
        "name":"UninstallWatcher",
        "game_name":"zhajinhua",
        "type":"kit"
    },
    "1002":{
        "className":"com.belugaboost.wrapper.BelugaWrapper",
        "folder":"beluga",
        "params":"",
        "name":"beluga",
        "game_name":"zhajinhua",
        "type":"kit"
    },
    "1003":{
        "className":"com.gamefun.android.talkingdata.TalkingDataWrapper",
        "folder":"talkingdata",
        "params":"",
        "name":"talkingdata",
        "game_name":"zhajinhua",
        "type":"kit"
    },
    "install":[
   
    ]
}
